Name,Team_Abr,G,PA,AB,H,2B,3B,HR,R,RBI,BB,SO,HBP,SB,CS,AVG,OBP,SLG,OPS,wOBA,Fld,BsR,WAR,ADP
Mike Trout,LAA,134,593,473,134,25,4,39,100,109,104,131,11,12,3,.283,.420,.600,1.020,.413,-1.7,0.7,6.7,5.8
Alex Bregman,HOU,150,649,546,153,38,3,29,97,95,89,86,9,8,2,.280,.387,.520,.907,.380,0.2,0.3,6.0,44.6
Mookie Betts,LAD,142,654,569,163,36,3,32,117,98,75,100,4,24,4,.286,.370,.529,.899,.372,15.4,2.7,6.0,4.0
Ronald Acuna Jr.,ATL,150,672,570,161,30,2,43,134,115,91,171,10,33,7,.282,.390,.568,.958,.397,4.3,3.2,5.9,1.6
Juan Soto,WSN,151,640,528,161,34,4,37,122,141,105,107,3,16,3,.305,.420,.595,1.015,.412,-2.4,1.5,5.7,3.4
Jose Ramirez,CLE,144,619,537,154,42,4,32,98,103,72,91,5,26,7,.287,.373,.559,.932,.384,2.0,1.8,5.7,10.9
Cody Bellinger,LAD,156,648,561,153,29,5,38,99,123,82,137,2,17,3,.273,.366,.545,.911,.371,2.2,1.8,5.4,16.6
Francisco Lindor,NYM,154,700,628,168,38,2,32,101,88,60,106,6,20,6,.268,.335,.487,.823,.341,7.7,1.1,5.1,18.0
Matt Chapman,OAK,141,592,528,130,33,5,34,88,91,54,167,7,2,2,.246,.323,.521,.843,.349,12.6,-0.7,5.0,116.8
Anthony Rendon,LAA,137,598,508,143,33,2,26,81,94,74,89,10,3,1,.281,.380,.508,.887,.370,3.2,-0.2,5.0,40.1
Trea Turner,WSN,144,650,593,176,34,8,26,108,84,51,111,4,38,8,.297,.355,.513,.868,.363,-2.5,3.8,4.7,7.1
Corey Seager,LAD,135,569,512,147,33,2,27,87,109,49,107,4,4,0,.287,.351,.518,.869,.361,2.6,0.5,4.6,36.4
Fernando Tatis Jr.,SDP,119,524,461,131,22,6,28,89,94,52,136,8,24,8,.284,.365,.540,.905,.375,-2.1,1.0,4.4,2.2
Gleyber Torres,NYY,148,594,521,148,25,1,33,85,106,63,123,5,8,2,.284,.364,.526,.890,.370,-7.1,0.4,4.4,66.4
Marcus Semien,TOR,147,660,592,157,31,4,28,95,96,64,116,1,11,4,.265,.336,.473,.809,.340,1.9,0.1,4.2,127.7
Aaron Judge,NYY,115,499,420,107,17,1,33,82,88,72,155,4,3,3,.255,.367,.536,.902,.374,9.5,-1.0,4.2,53.7
Xander Bogaerts,BOS,149,639,572,165,38,2,27,95,94,60,116,3,13,1,.288,.357,.503,.860,.359,-5.3,1.8,4.1,33.8
Ozzie Albies,ATL,152,659,609,174,38,6,28,105,91,43,115,4,18,3,.286,.335,.506,.841,.349,5.2,2.0,4.1,34.0
DJ LeMahieu,NYY,134,598,546,167,26,3,18,92,74,43,81,3,6,3,.306,.357,.463,.820,.347,6.7,-0.5,4.1,27.6
Bo Bichette,TOR,130,545,504,144,33,6,23,77,95,37,94,1,27,8,.286,.334,.512,.846,.350,1.4,1.7,4.0,24.5
J.T. Realmuto,PHI,139,571,518,141,29,3,26,84,98,40,125,9,8,2,.272,.333,.490,.823,.343,3.9,0.4,4.0,44.6
Trevor Story,COL,153,650,587,160,35,6,33,96,86,57,176,4,27,7,.273,.340,.521,.861,.357,5.7,2.0,4.0,12.3
Carlos Correa,HOU,122,508,446,124,23,1,24,67,91,53,113,3,2,0,.278,.354,.496,.850,.353,1.2,0.1,4.0,121.1
George Springer,TOR,129,577,507,141,24,2,29,97,96,58,110,8,5,5,.278,.359,.505,.864,.362,-0.2,-1.5,4.0,48.1
Freddie Freeman,ATL,143,625,533,158,39,2,28,98,111,82,112,7,6,3,.296,.395,.535,.930,.384,2.6,-0.5,4.0,12.8
Yasmani Grandal,CHW,131,522,437,99,19,1,23,62,74,78,142,3,2,1,.227,.345,.432,.777,.333,7.0,-0.3,3.9,130.4
Christian Yelich,MIL,140,618,524,143,29,3,32,97,88,85,150,6,18,4,.273,.379,.523,.902,.374,0.3,1.5,3.9,10.8
Kyle Tucker,HOU,151,616,557,154,31,7,27,93,103,50,127,4,24,4,.276,.338,.503,.840,.348,4.7,2.8,3.8,31.9
Manny Machado,SDP,151,650,582,158,29,2,33,84,116,60,110,2,11,5,.271,.338,.498,.837,.345,3.0,-0.3,3.8,21.1
Bryce Harper,PHI,145,629,510,132,29,2,34,100,116,108,154,5,14,4,.259,.390,.524,.914,.376,-2.3,0.7,3.8,18.0
Jose Altuve,HOU,134,587,529,153,27,2,23,89,71,50,89,5,13,7,.289,.355,.478,.833,.352,-2.7,-0.8,3.6,96.2
Marcell Ozuna,ATL,139,598,537,154,27,2,34,82,126,58,131,1,5,1,.287,.356,.534,.891,.369,3.0,0.2,3.6,44.6
Nolan Arenado,STL,144,613,546,143,27,3,27,78,83,57,91,3,2,2,.262,.331,.471,.802,.330,9.9,-0.8,3.5,39.7
Matt Olson,OAK,144,594,514,122,22,1,39,81,109,71,174,7,2,0,.237,.337,.512,.848,.351,7.5,0.1,3.5,91.3
Ketel Marte,ARI,153,635,580,167,35,9,19,79,69,45,86,6,7,2,.288,.343,.478,.821,.344,2.8,0.2,3.3,85.0
Luis Robert,CHW,135,580,535,141,24,6,27,79,89,32,167,8,24,8,.264,.312,.482,.794,.330,5.1,1.0,3.3,35.5
Rafael Devers,BOS,156,675,624,179,44,3,32,102,112,45,146,4,5,4,.287,.338,.521,.859,.355,-6.7,-1.1,3.3,41.2
Michael Conforto,NYM,144,608,518,137,26,1,27,86,93,76,152,11,7,4,.264,.368,.475,.843,.356,1.7,-0.7,3.3,74.2
Ramon Laureano,OAK,132,534,471,117,26,2,25,74,75,44,149,13,12,3,.248,.326,.471,.797,.334,3.2,0.8,3.2,144.6
Will Smith,LAD,109,434,374,90,20,1,23,61,83,48,109,7,2,0,.241,.334,.484,.818,.342,3.1,0.2,3.2,97.5
Cavan Biggio,TOR,141,609,514,118,26,3,22,84,75,85,169,5,14,3,.230,.342,.420,.762,.327,5.3,1.2,3.2,68.0
Yoan Moncada,CHW,141,609,545,142,26,5,24,81,81,57,183,4,9,4,.261,.333,.459,.792,.333,2.3,-0.3,3.2,88.5
Josh Donaldson,MIN,110,458,381,93,18,0,22,59,61,70,107,5,2,1,.244,.367,.465,.831,.353,1.6,-0.3,3.0,192.0
Whit Merrifield,KCR,147,653,605,173,34,4,16,85,65,37,101,6,28,9,.286,.331,.435,.765,.323,5.3,1.3,3.0,41.9
Jeff McNeil,NYM,140,581,522,155,33,3,16,71,70,41,71,14,6,5,.297,.362,.464,.826,.349,-4.0,-1.3,3.0,92.6
Michael Brantley,HOU,130,557,505,151,31,2,16,73,70,44,67,4,7,2,.299,.357,.463,.821,.347,2.0,0.2,2.9,149.5
Luis Arraez,MIN,150,609,552,173,32,2,5,78,45,52,46,1,5,3,.313,.371,.406,.777,.336,0.4,-0.7,2.9,454.3
Eugenio Suarez,CIN,147,606,523,129,23,2,34,76,107,70,165,8,4,2,.247,.342,.493,.835,.347,-0.4,-0.4,2.9,69.5
Jeimer Candelario,DET,140,580,516,130,30,4,20,72,72,56,143,6,3,1,.252,.331,.442,.773,.328,5.7,-0.1,2.9,284.4
Brandon Lowe,TBR,131,530,473,115,25,3,26,69,83,48,157,6,6,2,.243,.319,.474,.792,.332,1.8,0.1,2.9,72.0
Max Kepler,MIN,139,570,499,124,30,2,27,82,75,62,102,6,5,3,.248,.337,.479,.816,.342,6.6,-0.6,2.8,189.2
Paul DeJong,STL,145,595,531,130,28,1,23,76,83,48,153,10,4,2,.245,.316,.431,.747,.316,6.8,-0.4,2.8,233.8
Yordan Alvarez,HOU,104,449,393,111,25,0,28,66,82,51,119,2,4,1,.282,.365,.560,.925,.378,0.0,0.1,2.8,76.8
Andrelton Simmons,MIN,131,535,497,138,28,2,7,63,51,32,53,3,10,2,.278,.323,.384,.708,.304,11.8,0.8,2.7,490.3
Byron Buxton,MIN,112,397,370,95,20,3,21,57,61,20,106,3,15,3,.257,.299,.497,.796,.329,9.2,1.5,2.7,110.5
Javier Baez,CHC,156,606,571,152,31,4,29,85,91,27,170,4,12,5,.266,.302,.487,.789,.324,2.3,0.0,2.7,73.3
Salvador Perez,KCR,111,449,426,113,23,0,24,49,75,12,98,7,1,0,.265,.294,.488,.782,.323,4.8,0.0,2.7,84.8
Tim Anderson,CHW,143,604,577,168,31,3,23,91,69,20,137,4,18,5,.291,.318,.475,.793,.332,-7.3,1.1,2.7,44.5
Kris Bryant,CHC,133,596,515,130,29,3,24,86,67,62,137,15,3,2,.252,.347,.460,.808,.342,-2.1,-0.6,2.6,124.4
Brian Anderson,MIA,145,593,523,133,28,3,22,69,80,52,148,15,3,2,.254,.337,.446,.783,.332,-0.3,-0.6,2.6,254.9
Luke Voit,NYY,130,509,448,121,21,1,31,77,97,52,128,8,0,0,.270,.356,.529,.885,.369,-1.8,-0.3,2.6,61.4
Pete Alonso,NYM,144,616,536,132,24,1,41,81,110,61,164,16,2,2,.246,.339,.524,.864,.356,-0.5,-0.8,2.6,56.5
Jorge Polanco,MIN,148,635,577,161,32,5,17,79,72,46,102,3,9,5,.279,.333,.440,.773,.327,-3.4,-0.7,2.6,247.9
Vladimir Guerrero Jr.,TOR,146,601,544,150,33,5,26,77,98,50,95,5,2,1,.276,.341,.498,.839,.351,1.6,-0.3,2.6,53.4
Jose Iglesias,LAA,136,505,479,142,35,2,8,55,63,16,61,6,6,4,.296,.326,.428,.754,.319,4.7,-0.8,2.5,514.8
Rhys Hoskins,PHI,145,629,520,125,30,2,32,93,112,95,157,10,4,2,.240,.366,.490,.856,.361,-0.6,-0.4,2.5,162.9
Giovanny Urshela,NYY,138,508,466,132,28,0,18,68,79,32,87,4,2,0,.283,.331,.459,.790,.331,1.9,0.1,2.5,162.8
Ty France,SEA,143,565,508,136,26,3,18,69,74,34,119,19,1,2,.268,.335,.437,.772,.328,-0.6,-1.0,2.5,329.6
Giancarlo Stanton,NYY,123,527,452,113,23,1,38,79,111,64,172,6,3,2,.250,.347,.558,.905,.369,0.0,-0.5,2.5,116.5
Eloy Jimenez,CHW,137,567,529,151,30,2,34,72,106,32,136,3,0,0,.285,.328,.543,.871,.359,-6.8,-0.3,2.5,31.7
Ke'Bryan Hayes,PIT,121,513,456,119,30,6,12,64,50,48,105,4,8,2,.261,.334,.432,.766,.323,7.4,0.5,2.5,144.4
Max Muncy,LAD,136,535,442,107,18,1,29,82,99,84,139,6,4,1,.242,.368,.484,.852,.359,-0.1,0.0,2.5,98.0
Brandon Nimmo,NYM,129,498,410,100,21,5,16,67,49,74,123,12,4,3,.244,.373,.437,.810,.349,-4.9,-0.8,2.5,270.1
Justin Turner,LAD,110,454,395,110,23,1,15,61,59,42,72,13,2,0,.278,.363,.456,.819,.348,-2.1,0.1,2.5,200.6
Christian Vazquez,BOS,126,467,432,115,22,1,15,54,51,30,90,2,7,4,.266,.315,.426,.741,.314,6.8,-0.6,2.4,151.9
Anthony Rizzo,CHC,138,592,497,130,24,2,24,73,85,68,89,22,7,3,.262,.372,.463,.834,.352,3.6,-0.3,2.4,107.0
Gavin Lux,LAD,132,556,507,126,23,7,24,76,89,46,132,1,9,5,.249,.311,.464,.775,.324,0.0,-0.6,2.4,234.1
Alec Bohm,PHI,135,572,514,144,27,3,18,72,78,50,110,3,5,3,.280,.344,.449,.794,.336,0.4,-0.6,2.4,999.0
Willson Contreras,CHC,129,498,429,107,22,2,18,63,68,49,118,17,3,4,.249,.347,.436,.783,.335,-2.9,-1.4,2.4,124.2
Nelson Cruz,MIN,113,474,416,115,18,0,32,65,86,48,122,8,0,0,.276,.361,.550,.911,.373,0.0,-0.2,2.4,92.0
Trent Grisham,SDP,144,598,508,122,21,7,21,82,73,79,142,5,16,4,.240,.346,.433,.779,.332,5.7,1.1,2.4,69.1
Aaron Hicks,NYY,112,459,381,91,19,3,16,67,61,72,99,2,7,3,.239,.359,.430,.790,.339,0.0,-0.2,2.4,261.5
Mike Yastrzemski,SFG,137,550,488,129,28,5,22,76,78,52,138,6,5,4,.264,.341,.477,.818,.342,4.1,-1.0,2.4,140.1
Didi Gregorius,PHI,127,522,480,132,23,3,22,73,91,30,68,5,5,3,.275,.321,.473,.793,.328,1.0,-0.6,2.3,160.5
Kolten Wong,MIL,143,525,458,123,23,4,10,61,53,45,82,13,14,5,.269,.348,.402,.750,.322,6.3,0.3,2.2,252.2
Willi Castro,DET,146,605,556,154,27,7,16,73,72,31,140,8,10,4,.277,.322,.437,.759,.320,-2.7,-0.1,2.2,251.6
Ian Happ,CHC,152,567,488,122,23,2,27,76,77,72,168,4,8,5,.250,.350,.471,.821,.345,-6.5,-0.9,2.2,164.4
David Fletcher,LAA,152,665,612,171,33,4,8,79,52,44,73,3,9,4,.279,.329,.386,.715,.307,4.9,-0.3,2.2,236.5
J.P. Crawford,SEA,135,564,493,120,21,6,10,68,58,60,119,6,9,4,.243,.331,.371,.702,.306,1.8,-0.3,2.2,497.3
Paul Goldschmidt,STL,142,599,517,135,26,2,23,79,72,76,144,4,5,2,.261,.359,.453,.812,.344,2.5,-0.2,2.2,92.7
Miguel Rojas,MIA,138,494,448,121,22,1,8,51,50,35,60,7,9,4,.270,.331,.377,.708,.304,7.6,-0.2,2.2,501.7
Nick Ahmed,ARI,147,554,505,129,29,4,15,68,72,42,112,2,7,2,.255,.312,.418,.730,.308,7.8,0.3,2.2,471.6
Nolan Jones,CLE,133,566,492,114,19,3,24,69,65,68,179,4,5,3,.232,.329,.429,.757,.323,2.3,-0.6,2.1,577.8
Yandy Diaz,TBR,118,484,420,116,20,1,8,60,41,59,80,2,2,2,.276,.366,.386,.751,.327,-0.6,-0.8,2.1,527.7
Chris Taylor,LAD,139,528,471,120,28,5,18,71,74,48,146,5,10,4,.255,.328,.450,.778,.328,-4.5,0.0,2.1,232.5
Dansby Swanson,ATL,145,597,533,134,29,3,19,81,81,54,154,4,11,3,.251,.323,.424,.747,.314,2.9,0.6,2.1,109.2
Randy Arozarena,TBR,127,482,427,112,22,3,21,67,60,36,116,15,16,9,.262,.339,.475,.814,.342,-6.8,-1.0,2.1,58.5
Alex Verdugo,BOS,140,534,484,141,32,2,14,69,51,43,87,3,8,2,.291,.350,.452,.803,.339,3.3,0.4,2.1,130.2
Adalberto Mondesi,KCR,130,528,492,125,24,9,15,68,63,24,154,2,46,11,.254,.289,.431,.720,.301,4.1,4.2,2.1,24.1
Mitch Haniger,SEA,99,430,379,96,22,2,18,59,57,40,107,8,5,2,.253,.335,.464,.799,.337,3.8,-0.1,2.1,251.9
Kyle Schwarber,WSN,140,536,457,108,20,2,33,75,87,72,152,5,2,2,.236,.345,.505,.851,.352,0.2,-0.7,2.1,198.1
Mike Brosseau,TBR,119,430,389,100,20,2,15,50,51,27,106,10,6,4,.257,.319,.434,.754,.320,3.9,-0.8,2.0,499.1
Alejandro Kirk,TOR,101,386,347,90,24,2,10,47,47,34,56,3,1,0,.259,.329,.427,.756,.321,0.5,0.0,2.0,314.8
Willy Adames,TBR,149,593,532,129,25,3,18,69,60,54,173,2,7,4,.242,.313,.402,.715,.305,0.2,-0.6,2.0,436.5
Mike Tauchman,NYY,122,416,366,95,20,4,11,58,54,43,92,3,13,4,.260,.339,.426,.765,.323,9.9,0.6,2.0,579.5
Miguel Sano,MIN,119,491,430,100,21,2,34,78,84,55,189,4,0,0,.233,.324,.528,.852,.351,1.2,-0.2,2.0,197.5
Manuel Margot,TBR,145,507,463,119,23,4,13,60,53,37,103,2,21,7,.257,.313,.408,.721,.306,4.5,0.9,2.0,258.5
Austin Meadows,TBR,134,545,491,123,26,4,23,68,71,45,136,5,11,4,.251,.318,.460,.778,.325,3.2,0.2,2.0,90.6
Kyle Seager,SEA,129,539,475,117,26,1,20,63,82,50,96,8,5,2,.246,.325,.432,.756,.318,-1.0,-0.1,2.0,290.7
Danny Jansen,TOR,113,417,361,83,17,1,17,52,60,42,79,8,1,0,.230,.322,.424,.746,.318,-0.4,0.0,2.0,316.3
Lorenzo Cain,MIL,121,511,460,127,21,2,8,64,35,44,84,5,14,5,.276,.344,.383,.727,.315,7.2,0.3,2.0,268.7
Victor Robles,WSN,149,583,517,132,27,5,14,74,62,35,135,22,23,7,.255,.327,.408,.735,.314,5.4,1.2,1.9,143.4
Mark Canha,OAK,128,489,411,98,23,3,19,67,66,58,118,15,4,1,.238,.350,.448,.797,.339,-1.7,0.1,1.9,262.4
Jake Cronenworth,SDP,119,500,449,118,24,5,8,61,48,43,87,5,11,4,.263,.332,.392,.724,.312,2.3,0.2,1.9,210.1
Sean Murphy,OAK,85,341,306,74,17,1,13,42,41,26,79,4,1,0,.242,.306,.431,.737,.311,2.9,0.0,1.9,181.8
Wander Franco,TBR,126,534,487,128,23,6,14,62,56,40,72,1,10,11,.263,.316,.421,.737,.310,0.6,-3.1,1.9,999.0
Kevin Kiermaier,TBR,115,433,396,93,18,7,12,52,50,30,106,5,14,5,.235,.296,.407,.703,.297,9.5,0.4,1.9,538.9
Anthony Santander,BAL,136,572,536,143,35,3,26,70,92,28,103,5,3,4,.267,.308,.489,.796,.329,3.3,-1.4,1.9,165.1
Luis Urias,MIL,141,545,479,118,24,5,11,64,60,53,128,10,6,4,.246,.333,.386,.719,.311,3.7,-0.8,1.8,483.8
Eddie Rosario,CLE,143,591,554,155,29,2,29,84,96,31,90,0,7,3,.280,.315,.496,.812,.335,0.3,-0.2,1.8,106.7
Yasiel Puig, ,143,546,495,130,26,2,24,68,81,43,115,4,16,7,.263,.324,.469,.793,.331,3.3,-0.1,1.8,432.4
Willians Astudillo,MIN,93,329,310,89,17,1,12,43,44,8,14,6,2,3,.287,.314,.465,.779,.325,1.7,-1.1,1.8,595.5
Jonathan Schoop,DET,135,537,502,135,24,2,24,71,75,22,114,9,1,0,.269,.309,.468,.777,.324,-1.9,-0.1,1.8,372.3
Starling Marte,MIA,138,590,545,148,27,4,15,80,64,25,105,16,25,8,.272,.321,.418,.739,.314,-1.6,1.2,1.8,49.7
Tommy Pham,SDP,126,531,461,119,21,2,16,71,60,63,115,5,22,5,.258,.352,.416,.769,.331,1.4,1.9,1.8,137.2
Brett Gardner,NYY,118,443,383,92,17,5,16,63,52,52,100,4,9,5,.240,.335,.436,.771,.328,-0.7,-0.6,1.8,569.4
Jose Abreu,CHW,135,589,540,148,32,2,29,74,112,33,134,10,1,1,.274,.324,.502,.826,.341,-1.8,-0.5,1.8,40.7
Amed Rosario,CLE,156,609,575,163,27,8,14,77,61,26,119,3,16,8,.283,.316,.431,.748,.314,-3.1,-0.6,1.8,369.5
Harrison Bader,STL,138,440,386,88,17,3,15,61,46,38,140,12,12,4,.228,.314,.404,.718,.306,7.5,0.4,1.7,513.7
Lourdes Gurriel Jr.,TOR,126,508,474,129,27,1,25,64,79,25,116,4,6,4,.272,.311,.492,.803,.333,1.3,-0.8,1.7,88.9
Dominic Smith,NYM,149,541,494,134,33,2,21,68,80,38,128,6,1,1,.271,.329,.474,.803,.337,-1.8,-0.5,1.7,124.0
Nick Madrigal,CHW,120,500,462,134,20,2,4,49,37,24,26,9,17,10,.290,.335,.368,.703,.305,6.0,-1.3,1.7,189.9
Pat Valaika,BAL,144,433,408,110,18,2,21,64,56,21,104,0,1,4,.270,.305,.478,.783,.326,1.0,-1.7,1.7,556.3
Tucker Barnhart,CIN,120,403,355,84,16,1,11,33,44,42,88,2,1,1,.237,.319,.380,.699,.299,8.5,-0.4,1.7,528.2
Austin Hays,BAL,121,504,473,126,22,2,19,65,64,23,104,5,8,7,.266,.306,.442,.747,.314,3.0,-1.7,1.7,251.6
Adley Rutschman,BAL,144,594,536,123,29,0,16,68,70,46,126,4,6,0,.229,.291,.373,.664,.284,4.2,0.9,1.7,504.1
Trey Mancini,BAL,127,527,481,133,25,3,24,64,77,36,119,6,1,0,.277,.332,.491,.823,.343,-4.9,-0.1,1.7,163.8
Buster Posey,SFG,111,450,407,109,21,1,6,43,45,37,65,4,2,1,.268,.333,.369,.702,.302,2.4,-0.3,1.7,236.7
Jurickson Profar,SDP,136,518,460,117,24,2,16,68,67,45,77,9,10,1,.254,.331,.420,.750,.320,-2.0,1.3,1.7,291.0
Jason Heyward,CHC,131,500,436,112,18,4,14,62,59,57,89,4,5,2,.257,.346,.413,.759,.326,6.6,-0.2,1.7,513.2
Travis Shaw,MIL,128,483,419,96,19,0,23,56,58,58,131,3,3,1,.229,.325,.439,.764,.323,1.7,-0.1,1.6,555.5
Travis d'Arnaud,ATL,111,422,382,101,18,0,16,46,79,33,97,3,1,0,.264,.325,.437,.762,.322,-2.0,0.0,1.6,139.6
Cesar Hernandez,CLE,149,647,578,152,30,3,11,79,52,61,127,5,8,3,.263,.337,.382,.720,.312,-0.1,-0.1,1.6,392.1
Hanser Alberto,KCR,144,571,544,161,31,2,9,69,50,13,58,5,5,3,.296,.316,.410,.726,.308,3.7,-0.6,1.6,567.1
Jorge Soler,KCR,129,526,455,112,23,0,30,63,80,61,158,7,2,0,.246,.342,.495,.837,.350,0.0,0.1,1.6,143.9
Wil Myers,SDP,135,511,458,114,25,3,25,65,84,48,149,3,12,4,.249,.323,.480,.803,.336,-0.8,0.4,1.6,136.2
Danny Mendick,CHW,141,532,469,111,19,2,13,60,51,54,115,4,12,7,.237,.318,.369,.687,.298,6.5,-0.9,1.6,601.0
Jake Rogers,DET,108,440,390,79,15,2,16,50,53,37,137,7,4,2,.203,.281,.374,.655,.280,10.1,-0.3,1.6,600.9
Tommy Edman,STL,142,595,548,142,23,6,12,72,55,34,114,7,14,5,.259,.309,.389,.697,.298,6.7,0.3,1.6,133.1
Joshua Lowe,TBR,126,541,486,108,22,4,17,60,60,45,163,3,23,9,.222,.291,.389,.679,.290,7.2,0.4,1.6,999.0
Adam Eaton,CHW,126,539,474,124,22,4,12,75,48,46,93,10,11,2,.262,.339,.401,.740,.319,2.5,1.0,1.6,405.9
Mike Moustakas,CIN,132,529,475,122,26,0,28,60,91,44,100,6,3,0,.257,.325,.488,.814,.336,-6.2,0.4,1.6,121.2
Carter Kieboom,WSN,128,537,462,116,19,2,12,70,62,60,122,11,3,3,.251,.348,.379,.727,.318,-0.9,-1.0,1.5,475.8
Joey Gallo,TEX,127,488,412,85,19,2,32,71,78,69,187,7,6,2,.206,.330,.495,.825,.344,0.6,0.1,1.5,158.2
Rowdy Tellez,TOR,132,497,448,117,26,0,27,67,84,39,114,5,2,3,.261,.324,.500,.824,.340,0.5,-1.1,1.5,301.1
Jordan Luplow,CLE,117,412,360,87,20,3,15,52,54,45,97,5,4,4,.242,.333,.439,.771,.327,6.4,-1.2,1.5,999.0
Adam Frazier,PIT,151,572,519,138,28,4,12,68,54,41,78,7,5,6,.266,.327,.405,.732,.312,3.1,-1.9,1.5,527.1
Randal Grichuk,TOR,142,563,523,130,29,3,31,76,90,33,146,4,3,2,.249,.297,.493,.790,.325,-7.7,-0.5,1.5,255.8
Eduardo Escobar,ARI,144,600,548,139,29,7,22,71,82,41,117,4,3,2,.254,.307,.453,.759,.313,2.3,-0.5,1.5,304.0
Samuel Huff,TEX,120,477,447,109,21,2,20,56,56,24,156,5,4,7,.244,.289,.434,.723,.303,5.6,-2.5,1.5,999.0
Jean Segura,PHI,139,598,551,153,27,4,13,78,63,37,90,5,13,6,.278,.327,.412,.739,.314,0.8,-0.3,1.5,187.8
Teoscar Hernandez,TOR,135,539,489,121,24,3,35,76,90,44,174,3,11,5,.247,.312,.524,.835,.344,0.0,-0.2,1.5,83.7
Ramon Urias,BAL,103,396,352,91,22,1,12,49,45,30,86,10,4,3,.259,.332,.429,.761,.324,-0.4,-0.7,1.5,599.5
Brandon Belt,SFG,120,469,401,98,23,2,15,56,58,64,108,2,2,1,.244,.350,.424,.774,.331,5.2,-0.3,1.5,461.8
Tim Locastro,ARI,120,407,357,94,22,4,7,57,34,24,75,23,20,2,.263,.348,.406,.754,.327,-2.2,2.9,1.4,549.2
Carson Kelly,ARI,113,389,348,84,17,0,14,43,50,37,81,3,0,0,.241,.319,.411,.730,.310,1.7,-0.2,1.4,263.2
Carlos Santana,KCR,124,526,440,110,21,1,17,68,62,80,81,3,2,1,.250,.367,.418,.785,.337,1.0,-0.4,1.4,290.0
Yoshitomo Tsutsugo,TBR,129,527,466,111,23,1,24,66,76,58,131,1,0,0,.238,.323,.446,.769,.324,-1.1,-0.3,1.4,550.8
Yan Gomes,WSN,100,378,344,87,18,1,13,42,49,25,86,6,2,0,.253,.312,.424,.737,.310,1.4,0.2,1.4,310.3
C.J. Cron,COL,121,475,426,117,24,1,29,62,86,35,111,11,1,1,.275,.343,.540,.883,.365,1.4,-0.5,1.4,221.8
Starlin Castro,WSN,141,587,552,157,29,3,19,69,75,28,103,2,3,2,.284,.319,.451,.770,.322,-2.7,-0.6,1.4,412.7
Austin Allen,OAK,109,410,380,91,22,0,17,45,59,25,116,3,0,1,.239,.290,.432,.722,.301,-1.9,-0.6,1.4,600.9
Benjamin Rortvedt,MIN,100,401,362,80,18,2,10,41,37,32,94,5,0,0,.221,.292,.365,.656,.281,7.7,-0.2,1.4,999.0
Myles Straw,HOU,127,478,430,109,14,4,2,55,28,43,94,1,32,7,.253,.321,.319,.640,.283,6.2,3.1,1.4,302.0
Keston Hiura,MIL,145,610,548,135,27,3,28,79,86,42,184,17,12,6,.246,.318,.460,.778,.326,-6.5,-0.5,1.4,70.2
Mitch Garver,MIN,101,364,322,75,15,1,17,50,53,37,108,3,0,0,.233,.316,.444,.760,.321,-4.5,-0.2,1.4,202.7
Andrew Benintendi,KCR,135,583,503,127,28,4,13,72,57,67,124,5,14,5,.252,.343,.402,.745,.320,2.2,0.3,1.4,216.1
Ryan Mountcastle,BAL,125,524,490,141,24,2,21,61,82,26,118,3,1,1,.288,.324,.473,.798,.333,0.9,-0.5,1.4,152.8
Austin Nola,SDP,115,430,378,93,19,2,10,49,54,41,86,6,2,1,.246,.326,.386,.713,.306,-1.4,-0.3,1.4,170.7
Dylan Carlson,STL,129,533,477,117,27,7,15,64,64,46,133,5,11,6,.245,.315,.426,.741,.313,-0.3,-0.7,1.4,999.0
Taylor Walls,TBR,118,521,473,112,22,5,9,57,47,41,116,2,22,15,.237,.298,.362,.659,.283,7.4,-2.4,1.4,600.7
Danny Santana,BOS,128,464,431,108,30,5,18,61,71,25,131,3,15,5,.251,.294,.469,.762,.315,0.6,0.6,1.4,588.6
Austin Slater,SFG,126,452,393,101,20,3,12,56,51,48,116,8,13,3,.257,.348,.415,.763,.328,0.5,1.0,1.3,524.0
Kevin Padlo,TBR,122,476,417,88,22,1,17,51,54,47,160,7,9,2,.211,.298,.391,.689,.294,3.5,0.7,1.3,999.0
Aledmys Diaz,HOU,109,396,366,95,21,1,15,49,50,22,60,4,2,2,.260,.306,.445,.751,.314,-3.3,-0.7,1.3,597.3
Joey Wendle,TBR,123,467,429,110,24,4,7,53,44,23,89,10,13,4,.256,.306,.380,.686,.292,4.5,0.6,1.3,362.0
Jacob Stallings,PIT,95,332,298,76,17,0,6,33,33,25,74,4,0,1,.255,.318,.372,.691,.296,5.5,-0.6,1.3,474.6
Kole Calhoun,ARI,130,541,472,112,23,2,25,74,75,57,130,7,4,2,.237,.325,.453,.779,.327,3.1,-0.3,1.3,323.5
A.J. Pollock,LAD,107,424,389,100,20,2,22,58,69,26,94,5,8,3,.257,.309,.488,.797,.329,0.9,0.1,1.3,192.4
Gary Sanchez,NYY,111,448,396,84,14,0,28,59,88,42,141,8,0,0,.212,.299,.460,.759,.317,-8.7,-0.2,1.3,156.9
Jon Berti,MIA,102,395,341,81,12,2,6,51,33,42,94,8,24,6,.238,.333,.337,.671,.298,4.3,1.9,1.3,290.1
Wyatt Mathisen,ARI,99,372,320,74,15,1,14,48,47,36,105,12,2,1,.231,.329,.416,.744,.320,2.6,-0.2,1.3,999.0
Jo Adell,LAA,127,519,481,122,24,1,16,48,46,32,167,5,7,3,.254,.306,.407,.714,.304,8.2,-0.2,1.3,421.4
Jacob Wilson,OAK,114,463,409,97,21,1,15,55,57,42,98,4,2,1,.237,.311,.403,.714,.304,0.0,-0.3,1.3,999.0
Ryan Jeffers,MIN,99,361,330,79,12,0,12,37,36,25,92,6,0,0,.239,.305,.385,.690,.297,2.0,-0.2,1.3,422.6
Roberto Perez,CLE,102,362,316,64,10,1,11,29,41,35,112,4,0,0,.203,.289,.345,.633,.276,9.4,-0.2,1.3,522.1
Alexander Kirilloff,MIN,124,537,502,144,27,3,18,60,58,28,102,5,7,6,.287,.330,.460,.790,.332,-2.4,-1.5,1.2,999.0
Rio Ruiz,BAL,141,523,474,112,24,2,17,59,71,44,118,1,2,3,.236,.301,.403,.704,.298,4.6,-1.1,1.2,553.4
Joc Pederson,CHC,135,433,379,91,19,2,21,62,58,43,97,9,2,2,.240,.330,.467,.797,.335,0.7,-0.7,1.2,275.4
Abraham Toro,HOU,138,540,482,111,24,3,16,68,61,41,117,14,5,4,.230,.307,.392,.700,.301,0.0,-1.0,1.2,598.0
Martin Maldonado,HOU,110,380,335,71,14,0,12,42,41,32,110,8,1,1,.212,.295,.361,.656,.284,3.2,-0.4,1.2,532.1
James McCann,NYM,114,434,397,95,16,1,14,47,51,26,124,8,2,2,.239,.297,.390,.688,.294,0.7,-0.7,1.2,180.3
Jackie Bradley Jr.,MIL,134,525,463,108,22,2,19,67,54,49,138,9,10,4,.233,.317,.413,.729,.310,1.6,0.0,1.2,416.7
Zachary Short,DET,111,470,403,88,20,3,12,53,43,59,126,5,8,5,.218,.324,.372,.696,.303,0.4,-0.8,1.2,999.0
Cedric Mullins II,BAL,139,569,518,127,24,6,13,64,54,35,112,4,20,6,.245,.296,.390,.686,.291,4.6,1.1,1.2,518.1
Tomas Telis,MIN,103,376,352,98,17,2,5,40,36,18,41,3,1,1,.278,.317,.381,.698,.299,0.8,-0.4,1.2,999.0
Jesse Winker,CIN,123,437,371,99,19,0,16,55,51,56,88,8,2,2,.267,.373,.447,.820,.351,-4.1,-0.7,1.2,212.2
Daulton Varsho,ARI,111,428,385,93,17,4,13,54,42,34,101,7,14,4,.242,.313,.408,.721,.307,-2.2,0.8,1.2,185.5
Hunter Renfroe,BOS,128,462,420,97,25,1,26,56,81,34,130,4,5,0,.231,.292,.481,.773,.319,4.0,0.8,1.2,452.7
Jose Rondon,STL,107,424,396,96,20,3,15,47,51,22,104,2,6,4,.242,.284,.422,.706,.296,3.9,-0.7,1.2,999.0
J.D. Martinez,BOS,134,581,515,136,30,2,27,75,86,58,143,3,3,0,.264,.339,.487,.826,.341,0.0,0.3,1.2,93.3
Matt Carpenter,STL,124,491,411,90,22,1,16,65,56,67,131,9,2,1,.219,.338,.394,.732,.315,-2.5,-0.3,1.2,580.8
Keibert Ruiz,LAD,97,398,370,95,13,0,12,43,43,22,45,4,0,0,.257,.304,.389,.693,.296,0.7,-0.2,1.2,595.0
Andres Gimenez,CLE,137,480,436,108,19,6,9,59,40,23,108,15,26,12,.248,.306,.381,.687,.295,3.2,-0.3,1.2,168.9
Austin Barnes,LAD,106,325,278,63,12,1,6,40,35,37,73,6,5,2,.227,.329,.342,.671,.295,2.6,-0.1,1.2,557.6
Breyvic Valera,TOR,126,483,436,117,18,4,9,55,45,38,51,2,8,8,.268,.328,.390,.718,.308,1.0,-2.2,1.2,999.0
Colton Welker,COL,126,518,472,133,28,2,15,56,67,36,104,2,3,1,.282,.331,.445,.776,.326,3.3,-0.1,1.2,600.7
Kevin Plawecki,BOS,88,311,279,74,17,2,6,30,41,23,54,7,1,1,.265,.334,.405,.739,.317,-1.3,-0.4,1.1,591.9
Chance Sisco,BAL,110,395,340,79,15,0,13,45,44,38,122,15,0,1,.232,.334,.391,.725,.316,-6.7,-0.7,1.1,550.7
Jared Walsh,LAA,124,495,450,110,24,3,26,65,84,34,142,6,0,0,.244,.303,.484,.787,.326,1.3,-0.2,1.1,225.7
Sheldon Neuse,LAD,146,593,551,137,25,2,17,63,75,37,180,2,4,3,.249,.297,.394,.691,.293,5.0,-0.8,1.1,600.9
Hunter Dozier,KCR,134,553,491,120,26,5,21,69,64,58,147,2,6,2,.244,.325,.446,.772,.326,-2.1,0.1,1.1,238.7
JaCoby Jones,DET,116,432,392,92,23,3,14,55,43,28,129,9,9,4,.235,.299,.416,.715,.302,3.3,-0.1,1.1,506.3
Clint Frazier,NYY,119,474,417,101,23,3,21,62,70,47,142,6,6,2,.242,.325,.463,.788,.331,-3.4,0.1,1.1,176.7
Shohei Ohtani,LAA,124,454,405,103,21,2,21,62,78,45,131,2,14,3,.254,.330,.472,.802,.337,0.0,1.3,1.1,189.5
David Peralta,ARI,125,517,476,131,25,3,15,56,66,35,105,4,2,1,.275,.329,.435,.764,.323,3.4,-0.3,1.1,282.3
Victor Caratini,SDP,116,366,323,80,17,1,8,38,50,34,77,6,0,1,.248,.328,.381,.709,.305,-1.0,-0.6,1.1,534.7
Owen Miller,CLE,131,567,524,138,27,3,8,61,49,35,96,6,4,5,.263,.316,.372,.688,.296,1.6,-1.7,1.1,601.0
Wilmer Flores,SFG,132,460,427,117,25,1,16,52,65,24,62,4,1,0,.274,.315,.450,.765,.320,-4.4,0.0,1.1,439.0
Max Stassi,LAA,86,279,245,56,10,0,11,30,37,26,72,5,0,1,.229,.312,.404,.716,.306,0.5,-0.6,1.1,434.8
Isaac Paredes,DET,135,530,482,123,22,2,13,53,51,38,88,6,3,2,.255,.315,.390,.705,.303,1.4,-0.6,1.1,582.7
Brian O'Keefe,SEA,94,377,339,72,15,0,11,39,38,33,105,3,2,1,.212,.286,.354,.640,.277,4.1,-0.2,1.1,999.0
Wilson Ramos,DET,121,439,404,109,18,0,12,38,57,29,69,3,0,0,.270,.321,.403,.725,.308,-5.9,-0.2,1.1,262.5
Phillip Evans,PIT,120,467,421,108,21,2,11,53,48,38,78,6,2,4,.257,.325,.394,.720,.310,1.9,-1.6,1.1,601.0
Nick Solak,TEX,151,620,558,149,26,2,16,79,76,49,129,7,11,2,.267,.331,.407,.738,.316,-3.9,1.0,1.1,181.1
Andrew Knizner,STL,94,361,330,83,14,1,8,38,37,20,63,6,2,1,.252,.303,.373,.676,.289,3.2,-0.2,1.1,565.8
David Bote,CHC,127,431,378,87,17,2,16,51,64,44,119,6,5,2,.230,.318,.413,.731,.311,1.1,-0.1,1.1,550.0
Francisco Mejia,TBR,117,411,379,89,19,3,11,45,41,20,86,7,1,1,.235,.283,.388,.671,.283,1.1,-0.4,1.1,494.3
Luis Campusano,SDP,106,455,410,101,22,2,10,54,62,36,75,4,0,0,.246,.310,.383,.693,.296,-1.7,-0.2,1.1,999.0
Alex Avila,WSN,77,236,194,39,7,0,8,21,24,39,86,2,0,0,.201,.339,.361,.700,.306,3.8,-0.1,1.0,599.1
Jedd Gyorko, ,115,358,316,76,12,1,15,40,46,36,91,2,2,0,.241,.318,.427,.746,.315,1.2,0.2,1.0,598.5
Christian Walker,ARI,142,567,508,131,31,3,23,78,79,48,138,6,4,1,.258,.326,.467,.793,.332,1.1,0.1,1.0,209.7
Jarred Kelenic,SEA,125,537,490,115,22,5,24,66,75,41,159,3,14,8,.235,.296,.447,.743,.311,-6.8,-0.9,1.0,204.7
Jake Cave,MIN,130,471,430,110,22,5,17,63,61,30,145,8,3,3,.256,.314,.449,.763,.320,-5.6,-0.9,1.0,598.5
Jonathan Villar,NYM,150,596,536,127,18,2,16,66,57,52,159,2,39,11,.237,.305,.368,.672,.290,1.5,2.7,1.0,191.7
Franchy Cordero,BOS,85,315,288,69,16,5,12,43,49,24,96,1,8,2,.240,.299,.455,.754,.315,1.2,0.6,1.0,449.2
Manny Pina,MIL,89,275,247,58,11,1,8,25,29,18,68,7,1,0,.235,.303,.385,.688,.294,4.4,0.1,1.0,599.6
Cam Gallagher,KCR,88,288,260,66,14,0,6,30,23,21,48,2,0,0,.254,.312,.377,.689,.297,2.1,-0.2,1.0,596.2
Robel Garcia,HOU,130,473,421,90,14,4,21,60,81,44,171,4,3,5,.214,.292,.416,.707,.298,1.1,-1.8,1.0,999.0
James Ritchie,ARI,86,336,295,71,15,1,5,37,26,34,73,5,2,0,.241,.327,.349,.677,.298,1.9,0.2,1.0,999.0
Franmil Reyes,CLE,148,574,514,132,23,0,32,74,95,52,177,2,0,1,.257,.324,.488,.812,.337,0.0,-0.7,1.0,154.6
Garrett Stubbs,HOU,85,276,247,57,12,1,5,32,24,21,51,3,7,2,.231,.296,.348,.644,.279,4.0,0.4,1.0,999.0
Chad Pinder,OAK,110,346,315,79,17,1,14,42,48,23,87,5,1,1,.251,.310,.444,.755,.317,-5.7,-0.4,1.0,571.3
Nicholas Gordon,MIN,121,540,503,127,28,5,7,57,48,29,124,4,16,5,.252,.296,.370,.666,.285,2.3,0.8,1.0,999.0
Marwin Gonzalez,BOS,127,488,439,115,25,1,15,51,66,38,95,6,2,1,.262,.327,.426,.753,.319,2.4,-0.3,1.0,499.2
Yadier Molina,STL,107,414,385,99,16,0,8,36,46,17,62,6,3,0,.257,.296,.361,.657,.282,2.8,0.4,1.0,261.5
Tom Murphy,SEA,92,331,308,68,14,2,15,35,44,20,114,2,2,1,.221,.272,.425,.697,.292,-0.5,-0.2,1.0,347.7
Kyle Lewis,SEA,130,549,491,120,19,0,18,64,62,52,175,2,6,2,.244,.317,.393,.710,.305,2.1,0.0,1.0,143.6
Daniel Vogelbach,MIL,128,490,414,99,18,0,24,64,72,72,120,2,0,0,.239,.353,.457,.810,.344,0.0,-0.3,1.0,597.5
Josh Bell,WSN,144,580,507,132,25,3,27,76,102,64,131,3,1,2,.260,.343,.481,.824,.341,-3.1,-1.0,1.0,148.0
Bryan Reynolds,PIT,133,549,493,122,24,5,16,69,58,49,137,4,4,3,.247,.319,.414,.733,.312,-3.1,-0.8,1.0,333.9
Ji-Man Choi,TBR,116,427,363,89,21,1,15,48,54,54,103,4,2,1,.245,.344,.433,.777,.329,-1.7,-0.3,1.0,566.2
Cesar Puello,BOS,90,337,293,74,13,1,7,37,37,26,84,13,5,2,.253,.338,.375,.714,.311,1.8,-0.1,1.0,999.0
Nate Lowe,TEX,131,526,463,120,22,1,23,67,64,58,137,3,3,1,.259,.344,.460,.804,.338,-0.3,-0.1,1.0,382.2
Dylan Moore,SEA,124,442,392,86,19,2,14,52,43,35,121,12,21,11,.219,.302,.385,.687,.296,-1.8,-0.8,1.0,126.6
Christian Arroyo,BOS,78,296,272,71,16,1,10,34,42,19,62,3,2,1,.261,.315,.438,.753,.317,1.3,-0.2,0.9,600.7
Mauricio Dubon,SFG,143,565,524,136,21,2,12,62,55,32,98,3,12,8,.260,.304,.376,.680,.291,5.9,-1.4,0.9,292.3
Miguel Amaya,CHC,113,465,405,81,24,1,15,55,62,48,106,8,1,0,.200,.295,.375,.670,.288,1.2,0.0,0.9,999.0
Andrew McCutchen,PHI,120,514,448,111,20,1,20,68,73,59,114,4,7,3,.248,.339,.431,.769,.328,-1.8,-0.2,0.9,206.6
Taylor Ward,LAA,124,503,448,106,21,3,15,63,50,49,132,4,8,2,.237,.316,.397,.713,.306,-3.8,0.5,0.9,600.4
Freddy Galvis,BAL,143,555,510,124,24,3,12,57,62,36,112,5,5,3,.243,.298,.373,.670,.287,1.3,-0.6,0.9,531.9
Adam Duvall,MIA,135,503,457,101,22,2,25,62,73,35,139,7,2,1,.221,.284,.442,.726,.302,6.4,-0.2,0.9,366.0
Jake Marisnick,CHC,120,303,279,70,16,2,11,44,35,16,85,5,8,3,.251,.302,.441,.743,.313,1.7,0.2,0.9,600.2
Elvis Andrus,OAK,129,548,510,127,27,3,10,63,50,30,80,3,15,7,.249,.292,.373,.665,.283,-0.2,-0.3,0.9,370.4
Luis Guillorme,NYM,116,383,336,86,16,1,4,39,30,40,68,2,4,2,.256,.337,.345,.682,.301,1.9,-0.3,0.9,599.9
Yairo Munoz,BOS,126,410,387,107,26,2,11,47,48,18,92,3,12,4,.276,.312,.439,.751,.315,-5.1,0.5,0.9,600.2
Rodolfo Duran,PHI,96,360,343,78,13,1,14,39,49,14,96,1,0,0,.227,.258,.394,.652,.273,7.9,-0.1,0.9,999.0
Pedro Severino,BAL,113,399,362,87,14,2,12,39,50,31,86,3,3,0,.240,.304,.390,.694,.296,-3.5,0.4,0.9,357.9
Vidal Brujan,TBR,122,530,488,120,20,6,7,56,44,34,93,4,35,15,.246,.299,.355,.653,.281,4.7,0.2,0.9,999.0
Odubel Herrera,PHI,131,521,478,123,26,3,16,58,68,35,117,5,7,4,.257,.313,.425,.738,.311,-1.8,-0.6,0.9,575.6
Derek Fisher,MIL,110,393,341,78,15,3,18,54,49,46,129,3,9,5,.229,.324,.449,.773,.326,1.9,-0.6,0.9,600.7
Caleb Raleigh,SEA,115,483,446,96,19,0,23,55,72,34,142,2,2,0,.215,.273,.413,.686,.287,-4.7,0.2,0.9,999.0
Leury Garcia,CHW,122,484,453,121,18,3,10,59,45,18,103,5,10,4,.267,.301,.386,.688,.293,1.5,0.0,0.9,595.8
Bruce Maxwell,NYM,95,371,335,74,17,0,9,38,41,34,98,0,0,0,.221,.291,.352,.643,.276,4.0,-0.2,0.9,999.0
Nicholas Allen,OAK,106,466,429,98,22,4,3,43,32,25,91,5,13,9,.228,.278,.319,.598,.260,11.5,-1.5,0.9,999.0
Corey Dickerson,MIA,127,502,468,126,26,3,15,57,57,29,95,2,3,2,.269,.313,.434,.747,.312,1.8,-0.5,0.9,423.8
Garrett Cooper,MIA,109,424,381,100,19,0,15,52,58,36,99,5,0,0,.262,.333,.430,.763,.326,0.8,-0.2,0.9,524.4
Tyler Flowers, ,82,297,259,55,11,1,8,28,30,27,104,10,0,0,.212,.310,.355,.665,.291,3.9,-0.2,0.9,600.8
Nicholas Castellanos,CIN,153,651,595,157,43,5,27,86,89,47,162,6,2,3,.264,.323,.489,.812,.337,-7.7,-1.2,0.9,83.1
Braden Shewmake,ATL,117,498,458,115,26,6,7,55,51,32,87,5,16,6,.251,.305,.380,.685,.293,2.2,0.3,0.9,999.0
Tyler Freeman,CLE,134,588,543,142,30,5,3,62,39,21,72,20,14,5,.262,.312,.352,.664,.288,1.0,0.3,0.9,600.5
Tyler Stephenson,CIN,101,390,345,79,14,1,10,45,45,33,104,8,0,0,.229,.308,.362,.670,.291,2.4,-0.2,0.8,488.2
Martin Cervenka, ,93,366,338,74,15,1,10,36,38,21,107,2,1,0,.219,.266,.358,.624,.265,6.9,0.0,0.8,999.0
Niko Goodrum,DET,124,492,445,103,24,4,14,54,56,41,150,2,14,4,.231,.297,.398,.695,.295,-2.4,0.8,0.8,505.6
Shogo Akiyama,CIN,132,577,522,137,25,4,13,65,52,49,100,4,11,7,.262,.329,.400,.730,.313,-2.4,-1.2,0.8,529.0
Enrique Hernandez,BOS,143,441,394,97,26,3,14,59,60,38,92,4,3,1,.246,.316,.434,.750,.315,-3.5,0.0,0.8,449.3
Francisco Cervelli, ,81,303,258,58,10,1,8,33,34,34,75,9,3,1,.225,.334,.364,.699,.308,-4.1,0.0,0.8,999.0
Yolmer Sanchez,BAL,142,524,470,120,23,6,7,59,45,41,100,5,8,6,.255,.320,.374,.694,.299,-0.3,-1.3,0.8,596.9
Luis Torrens,SEA,118,433,394,94,21,1,7,40,38,32,92,2,0,1,.239,.297,.350,.647,.279,-0.1,-0.6,0.8,543.3
Nico Hoerner,CHC,121,424,383,100,17,4,5,55,48,32,61,6,9,5,.261,.325,.366,.691,.300,-0.1,-0.6,0.8,488.2
Riley Adams,TOR,101,421,376,77,16,1,10,42,38,35,144,8,3,1,.205,.285,.332,.617,.270,4.6,0.0,0.8,999.0
Asdrubal Cabrera,ARI,125,500,450,117,26,3,17,59,74,43,93,2,1,0,.260,.324,.444,.768,.323,-7.4,-0.1,0.8,520.2
Josh Naylor,CLE,145,520,473,130,27,2,15,66,59,42,80,3,4,2,.275,.337,.436,.772,.327,-4.0,-0.3,0.8,484.0
Austin Riley,ATL,131,529,486,116,24,3,26,67,87,36,160,5,0,1,.239,.297,.461,.758,.314,-3.1,-0.7,0.8,214.8
J.D. Davis,NYM,140,533,474,122,24,1,19,63,62,48,130,7,2,1,.257,.332,.432,.765,.324,-13.0,-0.3,0.8,256.5
Ryan McMahon,COL,143,524,469,118,24,3,22,65,73,49,162,3,5,2,.252,.324,.456,.781,.328,-1.5,-0.1,0.8,240.7
Derek Dietrich,NYY,126,407,350,80,14,2,16,50,55,33,104,22,2,2,.229,.332,.417,.749,.321,-6.7,-0.7,0.8,999.0
Vimael Machin,OAK,119,455,400,93,19,1,6,51,32,49,80,2,4,2,.233,.317,.330,.647,.282,0.6,-0.3,0.8,999.0
Victor Reyes,DET,153,564,536,149,26,6,10,71,50,23,111,2,17,6,.278,.309,.405,.713,.302,5.2,0.5,0.8,249.8
Robbie Grossman,DET,127,463,401,100,24,3,11,56,47,55,87,4,9,3,.249,.343,.406,.750,.322,-2.3,0.2,0.8,425.4
Yermin Mercedes,CHW,97,384,349,85,15,1,14,44,50,27,86,3,2,1,.244,.299,.413,.712,.300,-5.6,-0.2,0.8,599.7
Johan Camargo,ATL,133,456,420,103,26,1,15,54,58,30,108,3,0,0,.245,.299,.419,.718,.302,2.5,-0.2,0.8,596.1
Xavier Edwards,TBR,131,593,544,141,18,7,2,58,36,38,87,2,24,9,.259,.308,.329,.637,.276,4.9,0.6,0.8,600.5
Nick Senzel,CIN,107,425,387,97,24,3,12,52,47,34,107,2,12,5,.251,.313,.421,.734,.311,-0.1,0.0,0.8,253.7
Andy Young,ARI,121,477,419,93,17,4,18,55,55,33,134,21,3,2,.222,.309,.411,.719,.308,-0.3,-0.5,0.8,999.0
Tres Barrera,WSN,97,387,353,82,19,1,9,40,38,26,86,5,1,1,.232,.293,.368,.661,.284,3.7,-0.4,0.8,999.0
Steven Souza Jr.,TEX,88,338,295,63,13,2,14,37,50,38,114,3,7,2,.214,.309,.414,.722,.309,1.5,0.4,0.8,600.4
Kurt Suzuki,LAA,87,328,293,77,15,0,10,36,54,22,45,8,1,0,.263,.326,.416,.743,.316,-8.5,0.0,0.8,466.6
Omar Narvaez,MIL,117,393,343,84,14,0,13,38,39,44,88,4,0,0,.245,.337,.399,.736,.318,-8.8,-0.2,0.8,351.5
Dustin Fowler,PIT,135,574,541,141,27,7,17,67,64,28,139,3,13,5,.261,.300,.431,.730,.306,-3.8,0.2,0.7,600.4
Charlie Blackmon,COL,136,603,545,159,29,6,22,93,76,46,112,7,5,5,.292,.352,.488,.840,.350,-4.7,-1.5,0.7,87.1
Kevin Cron, ,111,433,385,91,19,1,24,56,71,37,129,7,1,1,.236,.312,.478,.790,.328,2.4,-0.4,0.7,999.0
Francisco Pena,OAK,84,291,276,66,16,0,7,28,33,12,54,1,1,0,.239,.271,.373,.645,.272,3.2,0.1,0.7,999.0
Alexander De Goti,HOU,129,532,485,113,22,2,12,57,49,35,121,5,5,5,.233,.289,.361,.650,.279,5.6,-1.4,0.7,999.0
Nate Orf, ,113,433,376,83,16,3,6,50,35,39,80,12,9,3,.221,.311,.327,.638,.281,3.5,0.3,0.7,999.0
Franklin Barreto,LAA,114,408,374,83,16,3,18,55,57,25,142,6,9,2,.222,.280,.425,.705,.295,0.2,0.8,0.7,600.9
Raudy Read,WSN,100,396,373,95,20,3,14,44,54,18,81,2,1,1,.255,.290,.437,.727,.302,-2.7,-0.4,0.7,999.0
Tony Kemp,OAK,125,393,347,90,17,3,5,48,31,35,51,5,11,5,.259,.333,.369,.702,.305,-3.7,-0.2,0.7,598.3
John Nogowski,STL,100,401,352,91,15,1,8,47,38,40,51,5,1,2,.259,.339,.375,.714,.311,6.6,-0.9,0.7,999.0
Mike Zunino,TBR,108,364,333,64,15,0,17,36,51,24,136,6,0,0,.192,.258,.390,.649,.275,1.3,-0.1,0.7,557.8
Jonathan Davis,TOR,118,454,398,85,18,3,11,50,45,36,122,14,14,4,.214,.299,.357,.656,.285,3.5,0.8,0.7,999.0
Colin Moran,PIT,141,505,458,118,24,2,17,57,66,38,118,4,0,2,.258,.317,.430,.747,.314,-4.7,-1.1,0.7,520.4
Lorenzo Quintana,HOU,81,320,302,70,15,1,13,37,42,11,77,6,5,5,.232,.272,.417,.689,.289,-1.1,-1.3,0.7,999.0
Mike Ford,NYY,115,432,380,90,20,0,20,56,68,44,85,5,0,0,.237,.322,.447,.769,.324,-0.4,-0.2,0.7,598.4
Michael A. Taylor,KCR,116,355,329,76,20,2,11,40,37,23,102,1,12,4,.231,.282,.404,.687,.288,4.4,0.5,0.7,562.3
David Freitas, ,98,359,324,83,18,0,7,39,34,30,67,3,0,0,.256,.323,.377,.700,.302,-2.9,-0.2,0.7,999.0
Bobby Dalbec,BOS,121,502,442,97,19,1,26,59,63,48,197,9,3,4,.219,.307,.443,.750,.315,5.9,-1.4,0.7,304.9
Austin Wynns,BAL,99,355,325,79,11,0,8,38,32,23,66,2,0,0,.243,.295,.351,.646,.280,1.5,-0.2,0.7,999.0
Edwin Rios,LAD,118,429,391,89,20,1,24,53,76,27,153,6,0,1,.228,.284,.468,.752,.310,-3.7,-0.6,0.7,472.0
Jesus Aguilar,MIA,144,482,420,105,18,0,18,58,75,50,112,4,0,1,.250,.330,.421,.751,.319,1.1,-0.7,0.7,407.9
Jay Bruce,NYY,100,370,340,79,17,2,20,42,67,27,91,1,1,0,.232,.289,.471,.760,.313,1.0,0.1,0.7,595.4
Kevin Newman,PIT,140,580,535,141,26,3,7,57,47,34,74,5,11,6,.264,.312,.363,.675,.290,0.3,-0.7,0.7,539.9
Dom Nunez,COL,94,369,319,69,14,1,13,44,40,42,105,4,5,2,.216,.313,.389,.701,.300,3.6,-0.1,0.7,595.0
Mark Mathias,MIL,113,426,381,89,23,2,8,44,37,33,100,6,9,1,.234,.301,.367,.669,.288,5.2,1.2,0.7,999.0
Domingo Leyba,ARI,124,506,467,118,27,4,12,61,52,32,92,4,1,2,.253,.304,.405,.709,.300,-1.6,-0.9,0.7,999.0
Billy McKinney,MIL,118,439,395,93,21,5,17,55,48,36,114,4,1,2,.235,.304,.443,.747,.313,4.1,-0.9,0.7,999.0
Todd Frazier,PIT,121,470,417,97,20,2,14,51,52,40,101,10,3,3,.233,.313,.391,.704,.302,0.4,-0.9,0.7,593.9
Matt Duffy,CHC,111,439,397,107,19,2,6,43,39,32,65,6,7,3,.270,.331,.373,.704,.305,-1.1,-0.2,0.7,999.0
Zack Collins,CHW,108,427,358,68,15,1,14,48,50,62,157,2,1,0,.190,.310,.355,.665,.291,-5.0,0.0,0.7,599.0
Orlando Arcia,MIL,154,531,488,122,21,2,13,54,55,37,106,2,8,4,.250,.304,.381,.685,.291,1.2,-0.4,0.7,548.3
Michael Perez,PIT,88,286,259,59,13,0,7,29,31,23,72,1,0,1,.228,.290,.359,.649,.279,4.3,-0.6,0.7,999.0
Robinson Chirinos,NYY,96,342,297,61,14,0,10,33,45,31,96,9,0,1,.205,.296,.354,.650,.283,0.7,-0.6,0.7,999.0
Stephen Piscotty,OAK,119,470,427,103,22,0,16,52,67,34,114,5,6,1,.241,.303,.405,.708,.301,0.8,0.5,0.7,530.2
Avisail Garcia,MIL,128,525,479,129,24,2,16,59,64,34,121,9,5,4,.269,.328,.428,.756,.320,0.2,-1.0,0.7,342.5
Brad Miller,PHI,111,370,321,72,15,3,17,44,59,43,112,3,2,2,.224,.319,.449,.768,.322,1.1,-0.6,0.7,592.2
Leody Taveras,TEX,136,584,532,129,23,6,11,68,40,46,143,0,27,8,.242,.302,.370,.672,.288,6.2,1.6,0.7,197.8
Miguel Andujar,NYY,128,498,469,125,29,3,17,55,66,22,85,3,2,1,.267,.301,.450,.751,.313,-8.5,-0.3,0.6,557.2
Robinson Cano,NYM,102,393,368,99,21,0,12,41,47,20,60,3,0,0,.269,.310,.424,.734,.308,-3.5,-0.2,0.6,600.3
Ender Inciarte,ATL,128,497,448,114,18,4,8,63,46,39,77,3,16,7,.254,.316,.366,.682,.294,3.9,-0.1,0.6,597.4
Bradley Zimmer,CLE,90,294,255,54,10,1,9,33,31,27,103,9,14,3,.212,.307,.365,.672,.292,2.7,1.3,0.6,600.4
Brandon Crawford,SFG,133,506,457,109,23,1,12,53,62,39,112,5,3,4,.239,.302,.372,.674,.285,2.2,-1.4,0.6,557.5
Kyle Higashioka,NYY,85,303,284,64,12,0,15,35,49,15,76,2,0,0,.225,.267,.426,.693,.288,-0.6,-0.1,0.6,546.4
Jeter Downs,BOS,130,575,517,118,32,4,19,68,72,47,147,6,22,11,.228,.298,.416,.714,.301,-6.0,-0.6,0.6,559.8
Nicklaus Tanielu,SDP,123,498,463,115,27,2,13,55,60,28,89,3,3,3,.248,.294,.400,.693,.293,2.1,-0.9,0.6,999.0
Mac Williamson, ,91,345,312,77,15,0,17,45,59,27,89,4,3,2,.247,.313,.458,.771,.323,1.4,-0.4,0.6,999.0
Jace Peterson,MIL,116,364,313,72,15,3,7,38,36,47,85,2,10,3,.230,.332,.364,.697,.305,-0.2,0.5,0.6,999.0
Joe Panik,TOR,126,464,412,104,20,2,7,50,38,44,55,3,3,1,.252,.326,.362,.688,.298,-2.0,-0.1,0.6,599.4
Jose Miranda,MIN,137,558,525,128,28,2,14,57,60,21,75,8,0,1,.244,.281,.385,.666,.282,5.1,-0.7,0.6,999.0
Mitch Moreland,OAK,104,382,341,80,17,1,16,47,54,36,86,2,0,0,.235,.309,.431,.740,.310,2.0,-0.2,0.6,526.0
Kevin Pillar,NYM,146,587,552,137,31,3,16,71,68,24,100,7,12,5,.248,.286,.402,.688,.289,0.3,0.0,0.6,511.5
Evan Longoria,SFG,122,498,457,113,22,2,14,52,65,30,96,5,2,2,.247,.297,.396,.693,.293,1.7,-0.7,0.6,516.6
Eric Haase,DET,107,398,364,74,12,2,17,45,52,26,149,3,1,1,.203,.259,.387,.647,.272,3.3,-0.4,0.6,999.0
Tyler White,TOR,118,454,403,101,22,1,15,51,63,43,101,4,1,1,.251,.326,.422,.748,.319,0.2,-0.5,0.6,999.0
Rene Rivera, ,85,310,284,57,7,0,12,28,40,19,103,4,0,0,.201,.259,.352,.611,.260,6.4,-0.1,0.6,999.0
Austin Hedges,CLE,103,334,301,62,12,0,13,30,42,22,101,4,3,1,.206,.267,.375,.643,.271,4.2,0.0,0.6,599.5
Brian Dozier, ,118,471,417,94,18,1,17,56,56,48,106,4,6,4,.225,.310,.396,.706,.302,-2.9,-0.8,0.6,999.0
Josh Reddick, ,128,481,440,115,19,3,11,54,49,36,77,0,4,2,.261,.314,.393,.707,.300,1.5,-0.3,0.6,597.1
Yonathan Daza,COL,128,535,501,148,28,5,7,61,45,26,89,2,12,8,.295,.331,.413,.744,.317,2.4,-1.4,0.6,999.0
Tyler Heineman,STL,81,289,257,59,11,1,4,27,20,21,42,4,4,0,.230,.296,.327,.623,.273,3.0,0.7,0.6,999.0
Brett Cumberland,BAL,93,370,317,61,15,1,11,41,38,35,122,16,0,2,.192,.303,.350,.653,.286,-1.3,-1.1,0.6,999.0
Scott Manea,HOU,90,353,313,61,11,0,10,36,32,24,90,15,0,2,.195,.283,.326,.609,.268,3.0,-1.0,0.6,999.0
Jesus Quiroz,TBR,95,362,317,74,17,0,8,50,44,37,82,5,3,2,.233,.321,.363,.684,.294,-0.5,-0.5,0.6,999.0
Renato Nunez,DET,142,570,517,130,27,0,28,70,87,41,148,7,1,0,.251,.312,.466,.778,.326,0.0,-0.1,0.6,480.7
Donovan Solano,SFG,112,413,389,109,22,1,4,40,41,18,72,3,1,0,.280,.315,.373,.688,.295,0.6,0.0,0.6,549.3
Jose Godoy,SEA,88,327,296,67,13,0,5,31,26,22,67,5,1,1,.226,.289,.321,.610,.267,2.6,-0.4,0.6,999.0
Patrick Wisdom,CHC,115,436,394,88,18,1,18,53,59,35,139,4,7,2,.223,.292,.411,.703,.297,0.3,0.3,0.6,999.0
Brett Phillips,TBR,125,407,352,66,9,6,13,48,43,48,152,2,17,2,.188,.286,.358,.644,.277,7.4,2.3,0.6,600.9
Daniel Robertson,MIL,98,333,288,68,11,1,6,38,28,36,82,8,2,2,.236,.336,.344,.680,.302,1.6,-0.7,0.5,999.0
Ronaldo Hernandez,BOS,118,482,454,109,23,3,14,50,61,17,93,4,5,2,.240,.270,.396,.666,.279,0.5,-0.1,0.5,999.0
Kevin Smith,TOR,118,504,471,99,21,2,20,53,63,25,169,4,13,5,.210,.254,.391,.645,.270,4.5,0.2,0.5,999.0
Jakson Reetz,WSN,94,374,331,68,13,1,11,40,41,32,114,9,2,3,.205,.292,.350,.643,.281,3.4,-1.1,0.5,999.0
Jason Castro,HOU,82,287,253,49,13,0,8,29,27,31,103,2,0,0,.194,.286,.340,.626,.274,0.8,-0.1,0.5,559.0
Adam Engel,CHW,135,449,414,94,19,4,11,47,43,23,127,9,10,4,.227,.283,.372,.654,.280,3.3,0.1,0.5,597.1
Reese McGuire,TOR,102,351,316,70,13,2,10,35,33,22,73,3,3,1,.222,.276,.370,.646,.274,0.9,0.0,0.5,601.0
Luis Rengifo,LAA,132,523,462,106,19,5,9,60,41,51,113,5,13,9,.229,.312,.351,.662,.289,0.9,-1.6,0.5,999.0
Jonah Heim,TEX,101,395,362,83,16,1,7,40,39,27,72,2,1,1,.229,.284,.337,.621,.269,7.2,-0.4,0.5,582.1
Domingo Santana, ,124,470,408,97,20,1,20,54,66,56,157,3,6,2,.238,.332,.439,.771,.327,-6.6,0.1,0.5,999.0
Isan Diaz,MIA,131,500,448,103,18,3,12,62,58,48,133,2,6,3,.230,.307,.364,.671,.292,-0.6,-0.4,0.5,596.1
Nomar Mazara,DET,132,527,484,125,26,2,17,58,67,34,126,6,2,1,.258,.313,.426,.739,.312,-1.2,-0.3,0.5,534.2
Kevan Smith,TBR,79,256,233,61,13,0,4,23,30,16,48,4,1,0,.262,.318,.369,.687,.297,-4.3,0.1,0.5,999.0
Cal Stevenson,TBR,112,495,439,107,16,5,4,56,36,53,86,0,12,8,.244,.324,.330,.654,.289,6.4,-1.4,0.5,999.0
Tim Lopes,MIL,132,503,464,117,28,2,8,51,46,32,106,3,19,6,.252,.302,.373,.675,.289,2.7,0.9,0.5,999.0
Donnie Walton,SEA,115,481,434,99,19,3,8,48,41,37,94,6,6,9,.228,.296,.341,.637,.278,2.1,-3.0,0.5,999.0
Jason Kipnis,ATL,118,454,403,97,23,1,13,48,65,42,96,3,5,1,.241,.314,.400,.714,.305,-2.0,0.3,0.5,600.8
Socrates Brito,NYY,124,489,455,111,22,5,16,58,67,29,130,1,9,5,.244,.289,.420,.709,.297,4.4,-0.6,0.5,999.0
Matt Reynolds,CHW,107,384,341,74,17,2,8,43,35,38,107,3,4,2,.217,.300,.349,.649,.282,0.1,-0.3,0.5,999.0
Raimel Tapia,COL,145,527,489,144,29,8,8,68,48,31,106,2,17,4,.294,.337,.436,.773,.327,1.9,1.4,0.5,239.1
Abiatal Avelino,CHC,136,540,508,127,20,7,10,55,50,24,101,2,14,5,.250,.285,.376,.661,.280,2.4,0.4,0.5,999.0
Nick Ciuffo,BAL,85,329,305,68,16,1,8,31,35,20,87,0,1,1,.223,.268,.361,.629,.267,3.1,-0.4,0.5,999.0
Ronald Freeman, ,74,249,232,53,8,1,5,24,24,15,63,1,0,0,.228,.277,.336,.613,.265,2.6,-0.1,0.5,999.0
Christian Lopes,ARI,120,507,447,107,25,2,11,56,46,48,107,6,12,5,.239,.319,.378,.697,.302,-1.6,0.0,0.5,999.0
Cristian Pache,ATL,125,506,471,112,27,8,13,52,59,30,132,2,5,9,.238,.285,.412,.697,.292,6.0,-3.1,0.5,999.0
Ildemaro Vargas,CHC,127,447,421,111,20,5,7,50,39,20,50,2,4,2,.264,.298,.385,.683,.290,2.5,-0.3,0.5,999.0
Mario Feliciano,MIL,126,515,477,104,21,5,18,56,65,27,185,7,1,2,.218,.268,.396,.664,.280,0.8,-0.9,0.5,999.0
Yu-Cheng Chang,CLE,105,395,355,75,16,2,10,43,39,32,123,4,4,2,.211,.282,.352,.634,.272,5.1,-0.2,0.5,600.5
Mallex Smith,NYM,136,533,484,115,21,8,5,59,37,39,122,6,40,8,.238,.302,.345,.647,.281,-1.4,4.2,0.5,598.9
Nicky Lopez,KCR,133,540,490,120,20,4,5,55,39,40,78,4,7,8,.245,.307,.333,.640,.280,7.0,-2.4,0.5,598.6
D.J. Stewart,BAL,119,474,407,92,19,1,20,58,67,53,123,7,7,4,.226,.323,.425,.748,.318,-4.7,-0.6,0.4,567.7
Kade Scivicque, ,88,341,321,78,16,1,8,34,34,15,71,3,0,0,.243,.282,.374,.655,.278,0.4,-0.2,0.4,999.0
Ryan Lavarnway,CLE,72,255,228,53,10,0,7,25,23,20,59,4,0,1,.232,.303,.368,.672,.290,-0.6,-0.6,0.4,999.0
Joey Bart,SFG,91,364,339,79,14,4,10,40,36,15,109,9,2,3,.233,.283,.386,.669,.285,-1.1,-1.1,0.4,514.7
Sean Rodriguez, ,71,186,160,35,4,1,5,22,15,20,66,3,1,1,.219,.315,.350,.665,.290,2.8,-0.3,0.4,999.0
Rylan Bannon,BAL,126,532,478,109,23,3,15,58,56,44,125,5,5,4,.228,.298,.383,.680,.291,-0.7,-1.0,0.4,600.8
Jonathan Lucroy,CHW,106,381,344,84,14,2,8,36,48,29,56,4,1,0,.244,.307,.366,.673,.288,-5.5,0.0,0.4,601.0
Jhonny Pereda,BOS,113,455,407,95,16,1,5,43,35,44,84,1,2,2,.233,.309,.314,.624,.275,2.0,-0.7,0.4,999.0
Oscar Mercado,CLE,134,523,476,115,22,3,11,61,48,33,117,5,23,8,.242,.295,.370,.665,.285,1.8,0.9,0.4,410.3
Alex Dickerson,SFG,103,349,315,82,17,3,11,46,49,26,68,5,1,0,.260,.324,.438,.762,.319,-2.1,0.0,0.4,357.3
Christian Bethancourt,PHI,105,323,307,71,13,0,13,34,47,13,79,0,3,1,.231,.260,.401,.661,.276,2.1,0.0,0.4,999.0
Michael Chavis,BOS,117,465,427,100,21,3,20,54,64,30,145,6,5,0,.234,.292,.438,.730,.306,-5.5,0.8,0.4,510.4
Jarren Duran,BOS,129,567,527,141,22,8,5,59,39,31,125,5,33,11,.268,.313,.368,.681,.293,-1.8,1.5,0.4,569.9
Maikel Franco, ,141,536,493,124,28,1,18,53,75,37,83,1,1,0,.252,.302,.422,.724,.300,-4.7,0.0,0.4,509.1
Kevin Kramer,PIT,134,515,462,107,27,3,12,56,53,40,142,6,7,6,.232,.298,.381,.679,.289,3.0,-1.5,0.4,999.0
Brian Serven,COL,85,326,292,64,14,1,9,35,30,21,82,5,1,4,.219,.280,.366,.646,.276,9.5,-1.7,0.4,999.0
Logan Morrison, ,94,335,298,68,15,1,18,41,48,32,84,4,1,1,.228,.310,.466,.777,.325,0.6,-0.4,0.4,999.0
Bobby Bradley,CLE,130,535,485,108,24,2,26,62,72,44,182,3,1,1,.223,.290,.441,.731,.305,5.4,-0.5,0.4,595.9
Juniel Querecuto,ARI,117,452,423,108,19,4,5,44,37,21,84,3,8,4,.255,.293,.355,.648,.277,4.9,-0.4,0.4,999.0
Riley Greene,DET,120,528,485,106,15,3,16,54,53,31,165,8,10,0,.219,.275,.361,.635,.272,5.8,1.8,0.4,599.5
Andrew Stevenson,WSN,128,447,407,107,21,5,9,53,49,31,116,4,12,4,.263,.320,.405,.725,.309,-4.6,0.4,0.4,569.5
Andrew Ferguson,NYM,108,460,403,91,18,3,10,54,40,46,124,8,15,6,.226,.316,.360,.676,.294,-2.9,0.1,0.4,999.0
Dustin Garneau,DET,70,230,203,41,9,1,7,24,26,19,61,4,0,1,.202,.281,.360,.640,.276,1.9,-0.5,0.4,999.0
Jonah Bride,OAK,112,458,414,89,17,2,8,44,39,30,111,11,2,1,.215,.284,.324,.608,.266,6.2,-0.3,0.4,999.0
Scott Kingery,PHI,133,508,467,107,25,3,16,60,53,31,142,5,10,3,.229,.283,.398,.681,.287,2.4,0.5,0.4,373.2
Curt Casali,SFG,88,278,244,55,10,0,7,25,29,28,71,4,2,0,.225,.313,.352,.665,.290,-2.7,0.2,0.4,594.3
Ryder Jones, ,120,469,430,101,24,3,13,50,56,30,123,6,3,1,.235,.292,.395,.687,.291,1.1,0.0,0.4,999.0
Stephen Owen,PIT,113,437,397,85,18,2,15,48,49,22,143,15,2,2,.214,.280,.383,.663,.282,4.9,-0.7,0.4,999.0
Greg Garcia,DET,129,295,251,60,10,2,3,31,26,34,61,4,2,1,.239,.337,.331,.667,.297,-0.4,-0.2,0.4,999.0
Ronny Rodriguez, ,128,495,466,115,22,4,19,53,69,20,118,1,8,3,.247,.276,.433,.710,.295,-0.2,0.1,0.4,999.0
Justin Upton,LAA,113,464,410,91,17,0,23,59,75,43,139,7,4,3,.222,.304,.432,.736,.311,-2.7,-0.7,0.4,381.7
Matt Thaiss,LAA,121,516,461,104,20,3,15,58,56,49,125,3,3,2,.226,.302,.380,.682,.293,-3.0,-0.5,0.4,999.0
Tim Beckham,CHW,107,427,394,94,18,2,17,49,60,28,125,3,3,4,.239,.293,.424,.717,.303,-8.2,-1.3,0.4,999.0
Hernan Perez,WSN,121,364,341,87,16,2,11,40,41,19,75,0,10,2,.255,.293,.411,.703,.297,-0.1,1.0,0.4,999.0
Xavier Fernandez,CHW,88,335,312,74,14,0,10,36,36,18,61,2,2,2,.237,.281,.378,.660,.280,-1.8,-0.6,0.4,999.0
Welington Castillo,WSN,81,301,282,69,13,0,12,27,49,16,84,2,0,0,.245,.289,.418,.707,.298,-3.4,-0.1,0.4,999.0
Anthony Garcia, ,109,436,388,94,19,1,16,52,60,37,99,7,3,3,.242,.317,.420,.737,.312,-2.1,-0.9,0.4,999.0
Chas McCormick,HOU,117,468,415,101,13,4,9,51,40,43,80,4,13,4,.243,.316,.359,.675,.293,1.1,0.6,0.4,599.9
Yuli Gurriel,HOU,127,528,487,126,28,2,16,62,65,28,56,6,2,2,.259,.303,.423,.726,.305,0.7,-0.7,0.4,320.6
Rene Pinto,TBR,93,348,322,68,17,1,5,31,29,20,92,2,1,3,.211,.259,.317,.575,.248,6.8,-1.3,0.3,999.0
Jonathan India,CIN,119,500,437,98,15,4,13,53,41,46,144,13,8,5,.224,.314,.366,.680,.295,1.9,-0.8,0.3,600.8
Aramis Garcia,OAK,107,430,399,83,18,2,13,43,49,25,140,3,0,1,.208,.259,.361,.620,.264,0.6,-0.6,0.3,600.0
Rafael Ortega,CHC,137,526,480,118,25,6,11,58,51,43,94,1,14,6,.246,.309,.392,.700,.299,-3.4,-0.1,0.3,999.0
Santiago Espinal,TOR,120,470,434,105,19,2,7,50,40,27,88,2,8,6,.242,.288,.343,.631,.272,6.6,-1.2,0.3,999.0
Garrett Hampson,COL,132,513,465,121,18,7,11,64,39,39,127,1,25,6,.260,.317,.400,.717,.306,1.4,2.1,0.3,259.5
Steven Kwan,CLE,134,585,536,137,26,8,4,61,39,41,69,3,10,7,.256,.310,.356,.666,.287,1.8,-1.4,0.3,999.0
Luis Garcia,WSN,141,559,535,138,21,3,10,63,53,19,107,0,8,5,.258,.282,.364,.647,.275,1.1,-0.8,0.3,587.9
Jack Mayfield,LAA,115,430,398,96,23,1,15,52,55,22,95,4,4,2,.241,.284,.417,.701,.294,-3.0,-0.3,0.3,999.0
Michael Gettys,BOS,128,533,494,105,25,6,18,63,72,31,204,4,14,7,.213,.263,.397,.660,.276,7.1,-0.4,0.3,999.0
Edmundo Sosa,STL,134,531,496,120,22,3,10,55,47,18,113,10,4,3,.242,.280,.359,.639,.272,3.8,-0.7,0.3,999.0
Jarrod Dyson,KCR,100,312,280,64,7,2,3,42,20,26,51,3,23,3,.229,.300,.300,.600,.265,4.3,3.1,0.3,999.0
Tommy La Stella,SFG,129,399,358,96,17,2,8,49,42,33,36,4,1,0,.268,.334,.394,.728,.313,-7.8,0.0,0.3,371.6
Eric Hosmer,SDP,139,581,533,139,24,1,20,67,98,43,127,2,6,2,.261,.317,.422,.739,.312,0.4,0.0,0.3,154.5
Juan Lagares,LAA,113,268,246,60,11,2,3,35,21,16,58,3,5,2,.244,.297,.341,.638,.274,3.8,0.0,0.3,999.0
Andrew Knapp,PHI,88,242,203,47,10,1,5,24,24,34,69,2,0,0,.232,.346,.365,.710,.310,-5.4,-0.1,0.3,586.3
Tim Federowicz,LAD,81,292,269,59,13,0,8,27,33,18,79,1,1,0,.219,.269,.357,.626,.266,2.2,0.1,0.3,999.0
Jason Vosler,SFG,124,491,441,98,19,3,14,55,54,39,139,7,1,1,.222,.293,.374,.667,.286,1.5,-0.5,0.3,999.0
Mike Gerber, ,119,488,448,114,30,3,20,62,69,33,148,4,4,3,.254,.310,.469,.779,.326,-4.3,-0.7,0.3,999.0
Kennys Vargas, ,127,497,446,106,19,1,22,57,64,44,128,3,0,0,.238,.308,.433,.741,.311,0.9,-0.2,0.3,999.0
Pablo Reyes,MIL,131,456,415,98,20,3,13,52,53,33,99,3,9,6,.236,.296,.393,.689,.294,7.8,-1.0,0.3,999.0
Brendan Rodgers,COL,100,389,359,92,20,2,12,46,46,22,88,5,5,2,.256,.306,.423,.729,.307,2.8,-0.1,0.3,425.2
Erick Mejia,KCR,126,513,468,108,21,4,5,53,38,33,114,2,17,7,.231,.283,.325,.607,.264,6.6,0.1,0.3,999.0
Kyle Farmer,CIN,110,310,287,70,15,1,6,28,30,18,65,4,3,1,.244,.297,.366,.663,.284,-0.4,0.0,0.3,596.0
Mason McCoy,BAL,131,573,533,127,19,7,4,56,39,33,118,2,8,3,.238,.284,.323,.606,.263,5.8,0.0,0.3,999.0
Brent Rooker,MIN,101,416,374,87,19,1,19,53,58,32,137,8,2,1,.233,.305,.441,.746,.314,-3.6,-0.2,0.3,593.3
Kelvin Gutierrez,KCR,103,424,388,89,12,4,7,39,36,32,112,2,11,2,.229,.290,.335,.625,.272,5.0,1.1,0.3,999.0
Ryan Vilade,COL,136,608,543,138,24,7,10,71,49,48,129,3,15,9,.254,.313,.379,.693,.297,9.1,-1.2,0.3,999.0
Deivy Grullon,CIN,105,439,394,90,18,0,18,48,60,40,160,2,1,0,.228,.301,.411,.712,.303,-8.8,0.0,0.3,598.5
Connor Hollis,TBR,53,221,198,45,9,1,3,24,16,16,51,6,5,3,.227,.303,.328,.631,.278,1.9,-0.4,0.3,999.0
Tyler Wade,NYY,126,411,367,81,16,3,7,51,36,35,105,4,15,5,.221,.294,.338,.632,.275,0.0,0.6,0.3,599.9
Zach Green,MIL,101,395,356,74,19,2,18,46,55,31,152,6,1,1,.208,.281,.424,.705,.296,-0.3,-0.4,0.3,999.0
Peter Mooney, ,102,370,331,75,17,3,4,37,28,33,63,2,3,2,.227,.300,.332,.632,.276,4.1,-0.5,0.3,999.0
Taylor Gushue,CHC,94,371,339,76,15,1,12,38,41,25,101,2,0,0,.224,.278,.381,.658,.278,-0.7,-0.2,0.3,999.0
Greg Cullen,BAL,104,454,400,87,16,4,7,48,34,41,99,12,1,3,.218,.308,.330,.638,.283,2.0,-1.4,0.3,999.0
Tyler Naquin,CIN,104,356,334,84,17,2,12,40,47,16,92,2,3,2,.251,.287,.422,.709,.296,6.0,-0.4,0.3,600.5
Ryan McKenna,BAL,136,575,514,120,23,5,12,66,54,47,141,6,15,10,.233,.304,.368,.672,.290,-1.9,-1.6,0.3,999.0
Howie Kendrick, ,103,357,327,97,17,0,10,45,51,22,54,3,2,1,.297,.342,.440,.782,.328,-1.9,-0.2,0.2,999.0
Alex Dunlap,WSN,68,249,219,42,9,0,6,24,21,23,83,5,0,0,.192,.281,.315,.596,.263,4.3,-0.1,0.2,999.0
Tyrone Taylor,MIL,115,390,359,84,19,3,14,45,47,22,91,5,5,1,.234,.285,.421,.706,.297,4.2,0.4,0.2,600.6
Zack Cozart, ,84,332,298,71,14,3,6,36,33,25,53,5,1,0,.238,.304,.366,.670,.287,0.5,0.0,0.2,999.0
Geraldo Perdomo,ARI,105,455,397,88,16,3,5,47,32,44,93,10,19,12,.222,.313,.315,.628,.279,3.8,-1.7,0.2,999.0
Lucius Fox,KCR,128,533,477,110,21,8,5,56,36,42,126,8,29,11,.231,.302,.340,.642,.280,-2.0,0.7,0.2,999.0
Gabriel Arias,CLE,133,557,523,122,22,4,17,58,63,26,173,3,6,5,.233,.272,.388,.660,.277,1.5,-1.2,0.2,999.0
